model_type,variant,class_weight_strategy,stat,rank,cv_f1_macro_mean,cv_f1_macro_run_std,cv_f1_macro_fold_std,val_f1_macro_mean,val_f1_macro_run_std,n_runs
classifier_lstm_mlp,cform_diffmean_diffsum_form_mean_nplayers_raw_stage_sum,sqrt,GOALS,1,0.4995,0.0144,0.0254,0.4816,0.0003999999999999,2
classifier_lstm_mlp,cform_diffmean_diffsum_form_mean_nplayers_stage_sum,sqrt,GOALS,2,0.4963,0.0045,0.02435,0.4991,0.0005999999999999,2
classifier_lstm_mlp_multioutput,cform_diffmean_diffsum_form_mean_nplayers_stage_sum,sqrt,GOALS,3,0.4962,0.0060999999999999,0.01915,0.48955,0.00415,2
classifier_mlp_multioutput,cform_diffmean_diffsum_form_mean_nplayers_stage_sum,sqrt,GOALS,4,0.49405,0.00655,0.0252,0.5064,0.0067,2
classifier_xgb,cform_diffmean_diffsum_form_mean_nplayers_raw_stage_sum,sqrt,GOALS,4,0.49405,0.0016499999999999,0.0223,0.52415,0.00295,2
classifier_mlp,cform_diffmean_diffsum_form_mean_nplayers_stage_sum,sqrt,GOALS,6,0.494,0.003,0.0217,0.4911,0.0068999999999999,2
classifier_lstm_mlp_multioutput,cform_diffmean_diffsum_form_mean_nplayers_raw_stage_sum,sqrt,GOALS,7,0.4911,0.0057,0.02495,0.46925,0.0061499999999999,2
classifier_lstm_mlp,cform_diffmean_diffsum_form_mean_nplayers_raw_stage_sum,none,GOALS,8,0.49005,0.00475,0.0195499999999999,0.47485,0.00545,2
classifier_mlp,cform_diffmean_diffsum_form_mean_nplayers_raw_stage_sum,sqrt,GOALS,9,0.48685,0.01185,0.0331,0.4977,0.0071,2
classifier_lstm_mlp,cform_diffmean_diffsum_form_mean_nplayers_stage_sum,none,GOALS,10,0.48605,0.0045499999999999,0.01795,0.49175,0.00675,2
classifier_mlp_multioutput,cform_diffmean_diffsum_form_mean_nplayers_raw_stage_sum,sqrt,GOALS,11,0.48305,0.00705,0.0217,0.4831,0.0083999999999999,2
classifier_lstm_mlp_multioutput,cform_diffmean_diffsum_form_mean_nplayers_raw_stage_sum,none,GOALS,12,0.47315,0.00905,0.02995,0.4655,0.0123,2
classifier_mlp_multioutput,cform_diffmean_diffsum_form_mean_nplayers_raw_stage_sum,none,GOALS,13,0.4680999999999999,0.0002999999999999,0.01465,0.4664,0.0002999999999999,2
classifier_lstm_mlp_multioutput,cform_diffmean_diffsum_form_mean_nplayers_stage_sum,none,GOALS,14,0.4671499999999999,0.00175,0.01865,0.4972499999999999,0.00475,2
classifier_xgb,cform_diffmean_diffsum_form_mean_nplayers_stage_sum,sqrt,GOALS,15,0.46665,0.00225,0.0284999999999999,0.51985,0.0031499999999999,2
classifier_xgb,cform_diffmean_diffsum_form_mean_nplayers_raw_stage_sum,none,GOALS,16,0.46515,0.01255,0.0203,0.5243500000000001,0.01765,2
classifier_mlp,cform_diffmean_diffsum_form_mean_nplayers_stage_sum,none,GOALS,17,0.4642,0.009,0.0166,0.48235,0.02255,2
classifier_mlp_multioutput,cform_diffmean_diffsum_form_mean_nplayers_stage_sum,none,GOALS,18,0.4584,0.0047,0.0170999999999999,0.48225,0.0030499999999999,2
classifier_xgb,cform_diffmean_diffsum_form_mean_nplayers_stage_sum,none,GOALS,19,0.4582,0.0066999999999999,0.02265,0.51345,0.0037499999999999,2
classifier_mlp,cform_diffmean_diffsum_form_mean_nplayers_raw_stage_sum,none,GOALS,20,0.4484,0.0116,0.0274,0.4595,0.0006,2
classifier_mlp,cform_diffmean_diffsum_form_mean_nplayers_stage_sum,sqrt,CORNERS,1,0.4371,0.0022999999999999,0.0161,0.44035,0.0025499999999999,2
classifier_mlp,cform_diffmean_diffsum_form_mean_nplayers_raw_stage_sum,sqrt,CORNERS,2,0.43295,0.00345,0.0169,0.43825,0.0098499999999999,2
classifier_lstm_mlp,cform_diffmean_diffsum_form_mean_nplayers_stage_sum,sqrt,CORNERS,3,0.43025,0.0049499999999999,0.01125,0.45265,0.01915,2
classifier_lstm_mlp,cform_diffmean_diffsum_form_mean_nplayers_raw_stage_sum,sqrt,CORNERS,4,0.4249,0.0016999999999999,0.01505,0.4432,0.0003999999999999,2
classifier_mlp,cform_diffmean_diffsum_form_mean_nplayers_stage_sum,none,CORNERS,5,0.42335,0.0062499999999999,0.018,0.41775,0.0011499999999999,2
classifier_mlp,cform_diffmean_diffsum_form_mean_nplayers_raw_stage_sum,none,CORNERS,6,0.42205,0.00915,0.00975,0.4463,0.0066,2
classifier_mlp_multioutput,cform_diffmean_diffsum_form_mean_nplayers_raw_stage_sum,sqrt,CORNERS,7,0.4209,0.0040999999999999,0.0150999999999999,0.42925,0.01185,2
classifier_lstm_mlp_multioutput,cform_diffmean_diffsum_form_mean_nplayers_raw_stage_sum,sqrt,CORNERS,8,0.41255,0.00415,0.01495,0.4304,0.0019,2
classifier_mlp_multioutput,cform_diffmean_diffsum_form_mean_nplayers_raw_stage_sum,none,CORNERS,9,0.4072,0.0002,0.01355,0.41405,0.0090499999999999,2
classifier_mlp_multioutput,cform_diffmean_diffsum_form_mean_nplayers_stage_sum,sqrt,CORNERS,10,0.40715,0.00195,0.0121999999999999,0.41325,0.00145,2
classifier_lstm_mlp,cform_diffmean_diffsum_form_mean_nplayers_raw_stage_sum,none,CORNERS,11,0.4062,0.0085999999999999,0.0122,0.41335,0.00325,2
classifier_lstm_mlp_multioutput,cform_diffmean_diffsum_form_mean_nplayers_stage_sum,sqrt,CORNERS,12,0.40475,0.0030499999999999,0.01765,0.40595,0.0078499999999999,2
classifier_lstm_mlp_multioutput,cform_diffmean_diffsum_form_mean_nplayers_raw_stage_sum,none,CORNERS,13,0.40335,0.0008499999999999,0.0124,0.40655,0.00605,2
classifier_xgb,cform_diffmean_diffsum_form_mean_nplayers_stage_sum,sqrt,CORNERS,14,0.40285,0.00115,0.0161499999999999,0.43755,0.01255,2
classifier_mlp_multioutput,cform_diffmean_diffsum_form_mean_nplayers_stage_sum,none,CORNERS,15,0.4024999999999999,0.0039999999999999,0.0118,0.415,0.0002,2
classifier_lstm_mlp,cform_diffmean_diffsum_form_mean_nplayers_stage_sum,none,CORNERS,16,0.3999,0.0088,0.0064,0.40955,0.00605,2
classifier_lstm_mlp_multioutput,cform_diffmean_diffsum_form_mean_nplayers_stage_sum,none,CORNERS,17,0.39755,0.00595,0.01755,0.3797,0.0012,2
classifier_xgb,cform_diffmean_diffsum_form_mean_nplayers_raw_stage_sum,sqrt,CORNERS,18,0.39515,0.0037499999999999,0.0203,0.44265,0.00995,2
classifier_xgb,cform_diffmean_diffsum_form_mean_nplayers_stage_sum,none,CORNERS,19,0.38705,0.01045,0.01625,0.4177999999999999,0.0027999999999999,2
classifier_xgb,cform_diffmean_diffsum_form_mean_nplayers_raw_stage_sum,none,CORNERS,20,0.3867,0.0005999999999999,0.0147,0.41275,0.0021499999999999,2
classifier_mlp,cform_diffmean_diffsum_form_mean_nplayers_stage_sum,sqrt,YELLOWCARDS,1,0.3917,0.0090999999999999,0.0147,0.4112,0.0068,2
classifier_lstm_mlp,cform_diffmean_diffsum_form_mean_nplayers_raw_stage_sum,none,YELLOWCARDS,2,0.39035,0.0054499999999999,0.01285,0.38825,4.999999999999449e-05,2
classifier_lstm_mlp,cform_diffmean_diffsum_form_mean_nplayers_stage_sum,sqrt,YELLOWCARDS,3,0.3854,0.0050999999999999,0.02305,0.4243,0.0153,2
classifier_mlp,cform_diffmean_diffsum_form_mean_nplayers_raw_stage_sum,sqrt,YELLOWCARDS,4,0.3798,0.0064999999999999,0.0241,0.3935,0.0126999999999999,2
classifier_lstm_mlp,cform_diffmean_diffsum_form_mean_nplayers_raw_stage_sum,sqrt,YELLOWCARDS,5,0.3792999999999999,0.0032,0.0123,0.3994499999999999,0.00165,2
classifier_mlp_multioutput,cform_diffmean_diffsum_form_mean_nplayers_raw_stage_sum,sqrt,YELLOWCARDS,6,0.3773499999999999,0.01235,0.01605,0.3855,0.0257999999999999,2
classifier_mlp,cform_diffmean_diffsum_form_mean_nplayers_stage_sum,none,YELLOWCARDS,7,0.37585,0.0058499999999999,0.01145,0.4101,0.0087,2
classifier_lstm_mlp_multioutput,cform_diffmean_diffsum_form_mean_nplayers_stage_sum,sqrt,YELLOWCARDS,8,0.37535,0.00395,0.02065,0.3726,0.0101999999999999,2
classifier_lstm_mlp,cform_diffmean_diffsum_form_mean_nplayers_stage_sum,none,YELLOWCARDS,9,0.374,0.0156999999999999,0.01475,0.3874499999999999,0.00115,2
classifier_mlp_multioutput,cform_diffmean_diffsum_form_mean_nplayers_stage_sum,sqrt,YELLOWCARDS,10,0.37345,0.0082499999999999,0.01975,0.3895499999999999,0.00025,2
classifier_mlp,cform_diffmean_diffsum_form_mean_nplayers_raw_stage_sum,none,YELLOWCARDS,11,0.36845,0.00035,0.0178,0.36905,0.0141499999999999,2
classifier_lstm_mlp_multioutput,cform_diffmean_diffsum_form_mean_nplayers_stage_sum,none,YELLOWCARDS,12,0.36315,0.00325,0.01665,0.38195,0.0156499999999999,2
classifier_mlp_multioutput,cform_diffmean_diffsum_form_mean_nplayers_raw_stage_sum,none,YELLOWCARDS,13,0.36275,0.00095,0.0138,0.36555,0.01425,2
classifier_lstm_mlp_multioutput,cform_diffmean_diffsum_form_mean_nplayers_raw_stage_sum,sqrt,YELLOWCARDS,14,0.35995,0.0122499999999999,0.0248,0.3835499999999999,0.00225,2
classifier_lstm_mlp_multioutput,cform_diffmean_diffsum_form_mean_nplayers_raw_stage_sum,none,YELLOWCARDS,15,0.34975,0.00545,0.0162,0.37695,0.00655,2
classifier_mlp_multioutput,cform_diffmean_diffsum_form_mean_nplayers_stage_sum,none,YELLOWCARDS,16,0.3459,0.0042999999999999,0.01695,0.38205,0.00145,2
classifier_xgb,cform_diffmean_diffsum_form_mean_nplayers_stage_sum,sqrt,YELLOWCARDS,17,0.3435,0.0047,0.01705,0.4005,0.004,2
classifier_xgb,cform_diffmean_diffsum_form_mean_nplayers_stage_sum,none,YELLOWCARDS,18,0.3406,0.0125,0.0213,0.39105,0.0091499999999999,2
classifier_xgb,cform_diffmean_diffsum_form_mean_nplayers_raw_stage_sum,sqrt,YELLOWCARDS,19,0.3378,0.0030999999999999,0.0148499999999999,0.3893999999999999,0.0087,2
classifier_xgb,cform_diffmean_diffsum_form_mean_nplayers_raw_stage_sum,none,YELLOWCARDS,20,0.3273,0.0060999999999999,0.0206,0.3871,0.0100999999999999,2
classifier_mlp,cform_diffmean_diffsum_form_mean_nplayers_raw_stage_sum,sqrt,SHOTS_ON_TARGET,1,0.4837,0.0017999999999999,0.0293,0.4942,0.0028999999999999,2
classifier_mlp,cform_diffmean_diffsum_form_mean_nplayers_stage_sum,sqrt,SHOTS_ON_TARGET,1,0.4837,0.0021,0.01495,0.4676,0.0022999999999999,2
classifier_lstm_mlp,cform_diffmean_diffsum_form_mean_nplayers_raw_stage_sum,sqrt,SHOTS_ON_TARGET,3,0.47875,0.0068499999999999,0.0258,0.46355,0.01525,2
classifier_lstm_mlp,cform_diffmean_diffsum_form_mean_nplayers_stage_sum,sqrt,SHOTS_ON_TARGET,4,0.4762499999999999,0.0083499999999999,0.02085,0.4885,0.0145,2
classifier_mlp_multioutput,cform_diffmean_diffsum_form_mean_nplayers_raw_stage_sum,sqrt,SHOTS_ON_TARGET,5,0.47075,0.00285,0.0232,0.47145,0.00865,2
classifier_lstm_mlp_multioutput,cform_diffmean_diffsum_form_mean_nplayers_raw_stage_sum,sqrt,SHOTS_ON_TARGET,6,0.4695,0.0139999999999999,0.0207499999999999,0.44615,0.01435,2
classifier_lstm_mlp,cform_diffmean_diffsum_form_mean_nplayers_stage_sum,none,SHOTS_ON_TARGET,7,0.46755,0.0023499999999999,0.0144,0.46795,0.01155,2
classifier_mlp,cform_diffmean_diffsum_form_mean_nplayers_stage_sum,none,SHOTS_ON_TARGET,8,0.4673,0.0016999999999999,0.0219,0.46725,0.0050499999999999,2
classifier_lstm_mlp,cform_diffmean_diffsum_form_mean_nplayers_raw_stage_sum,none,SHOTS_ON_TARGET,9,0.4672,0.0020999999999999,0.02805,0.4805,0.006,2
classifier_lstm_mlp_multioutput,cform_diffmean_diffsum_form_mean_nplayers_stage_sum,sqrt,SHOTS_ON_TARGET,10,0.4620499999999999,0.0058499999999999,0.01635,0.46935,0.0005499999999999,2
classifier_mlp,cform_diffmean_diffsum_form_mean_nplayers_raw_stage_sum,none,SHOTS_ON_TARGET,11,0.4607,0.0169,0.02645,0.44975,0.0235499999999999,2
classifier_mlp_multioutput,cform_diffmean_diffsum_form_mean_nplayers_stage_sum,sqrt,SHOTS_ON_TARGET,12,0.4587,0.0014,0.02045,0.45375,0.00245,2
classifier_xgb,cform_diffmean_diffsum_form_mean_nplayers_raw_stage_sum,sqrt,SHOTS_ON_TARGET,13,0.4579,0.0015,0.02095,0.47865,0.01025,2
classifier_xgb,cform_diffmean_diffsum_form_mean_nplayers_stage_sum,sqrt,SHOTS_ON_TARGET,14,0.45535,0.0049499999999999,0.0173499999999999,0.48535,0.01105,2
classifier_mlp_multioutput,cform_diffmean_diffsum_form_mean_nplayers_raw_stage_sum,none,SHOTS_ON_TARGET,15,0.44655,0.0016499999999999,0.01265,0.44305,0.0045499999999999,2
classifier_lstm_mlp_multioutput,cform_diffmean_diffsum_form_mean_nplayers_stage_sum,none,SHOTS_ON_TARGET,16,0.44645,0.00395,0.02045,0.44665,0.0061499999999999,2
classifier_lstm_mlp_multioutput,cform_diffmean_diffsum_form_mean_nplayers_raw_stage_sum,none,SHOTS_ON_TARGET,17,0.4451,0.0064,0.0073,0.45285,0.00415,2
classifier_mlp_multioutput,cform_diffmean_diffsum_form_mean_nplayers_stage_sum,none,SHOTS_ON_TARGET,18,0.44375,0.0045499999999999,0.015,0.46255,0.00165,2
classifier_xgb,cform_diffmean_diffsum_form_mean_nplayers_stage_sum,none,SHOTS_ON_TARGET,19,0.43935,0.0086499999999999,0.0234,0.45055,0.00345,2
classifier_xgb,cform_diffmean_diffsum_form_mean_nplayers_raw_stage_sum,none,SHOTS_ON_TARGET,20,0.43015,0.0039499999999999,0.0144,0.46115,0.00035,2
classifier_lstm_mlp,cform_diffmean_diffsum_form_mean_nplayers_stage_sum,sqrt,FOULS,1,0.4268,0.0010999999999999,0.0206,0.4236499999999999,0.00775,2
classifier_xgb,cform_diffmean_diffsum_form_mean_nplayers_stage_sum,sqrt,FOULS,2,0.41575,0.00235,0.03315,0.4633,0.0054,2
classifier_xgb,cform_diffmean_diffsum_form_mean_nplayers_raw_stage_sum,sqrt,FOULS,3,0.4114,0.0022999999999999,0.0265,0.4599,0.0017999999999999,2
classifier_lstm_mlp_multioutput,cform_diffmean_diffsum_form_mean_nplayers_stage_sum,sqrt,FOULS,4,0.4083,0.0008,0.01325,0.3876,0.0075999999999999,2
classifier_mlp,cform_diffmean_diffsum_form_mean_nplayers_stage_sum,sqrt,FOULS,5,0.4076499999999999,0.00725,0.0223,0.4227,0.0055999999999999,2
classifier_lstm_mlp,cform_diffmean_diffsum_form_mean_nplayers_stage_sum,none,FOULS,6,0.4076,0.0030999999999999,0.0137,0.42695,0.02655,2
classifier_mlp,cform_diffmean_diffsum_form_mean_nplayers_raw_stage_sum,sqrt,FOULS,7,0.40615,0.0050499999999999,0.02475,0.4383,0.0035,2
classifier_mlp_multioutput,cform_diffmean_diffsum_form_mean_nplayers_stage_sum,sqrt,FOULS,8,0.40585,0.00495,0.0196,0.41425,0.01185,2
classifier_lstm_mlp,cform_diffmean_diffsum_form_mean_nplayers_raw_stage_sum,sqrt,FOULS,9,0.4052,0.0070999999999999,0.02045,0.43815,0.0129499999999999,2
classifier_mlp,cform_diffmean_diffsum_form_mean_nplayers_stage_sum,none,FOULS,10,0.4026499999999999,0.0048499999999999,0.02655,0.39905,0.0048499999999999,2
classifier_lstm_mlp_multioutput,cform_diffmean_diffsum_form_mean_nplayers_raw_stage_sum,sqrt,FOULS,11,0.3974499999999999,0.01435,0.01365,0.4157,0.0085,2
classifier_mlp_multioutput,cform_diffmean_diffsum_form_mean_nplayers_raw_stage_sum,sqrt,FOULS,12,0.39115,0.00585,0.02395,0.39215,0.0077499999999999,2
classifier_lstm_mlp_multioutput,cform_diffmean_diffsum_form_mean_nplayers_stage_sum,none,FOULS,13,0.39015,0.0057499999999999,0.02865,0.4006499999999999,0.0189499999999999,2
classifier_lstm_mlp_multioutput,cform_diffmean_diffsum_form_mean_nplayers_raw_stage_sum,none,FOULS,14,0.3853499999999999,0.01025,0.0212499999999999,0.404,0.0054999999999999,2
classifier_xgb,cform_diffmean_diffsum_form_mean_nplayers_stage_sum,none,FOULS,15,0.3829,0.0105999999999999,0.02055,0.45155,0.00755,2
classifier_lstm_mlp,cform_diffmean_diffsum_form_mean_nplayers_raw_stage_sum,none,FOULS,16,0.37255,0.01435,0.01775,0.41745,0.0021499999999999,2
classifier_mlp,cform_diffmean_diffsum_form_mean_nplayers_raw_stage_sum,none,FOULS,17,0.3711,0.0022,0.0223,0.41895,0.0149499999999999,2
classifier_mlp_multioutput,cform_diffmean_diffsum_form_mean_nplayers_raw_stage_sum,none,FOULS,18,0.3693999999999999,0.0022999999999999,0.0238,0.4174,0.0035,2
classifier_xgb,cform_diffmean_diffsum_form_mean_nplayers_raw_stage_sum,none,FOULS,19,0.36695,0.00035,0.0225,0.44355,0.0005499999999999,2
classifier_mlp_multioutput,cform_diffmean_diffsum_form_mean_nplayers_stage_sum,none,FOULS,20,0.3621,0.0007999999999999,0.02275,0.39045,0.0020499999999999,2
classifier_lstm_mlp,cform_diffmean_diffsum_form_mean_nplayers_stage_sum,none,OFFSIDES,1,0.4916,0.0012,0.0135,0.47275,0.0031499999999999,2
classifier_mlp_multioutput,cform_diffmean_diffsum_form_mean_nplayers_stage_sum,sqrt,OFFSIDES,2,0.4863,0.0010999999999999,0.01385,0.45035,0.0261499999999999,2
classifier_lstm_mlp,cform_diffmean_diffsum_form_mean_nplayers_stage_sum,sqrt,OFFSIDES,3,0.48435,0.00345,0.01185,0.48365,0.00675,2
classifier_xgb,cform_diffmean_diffsum_form_mean_nplayers_stage_sum,sqrt,OFFSIDES,4,0.48035,0.0050499999999999,0.0161499999999999,0.46775,0.0041499999999999,2
classifier_mlp,cform_diffmean_diffsum_form_mean_nplayers_stage_sum,sqrt,OFFSIDES,5,0.4789,0.0022999999999999,0.0154499999999999,0.46055,0.0091499999999999,2
classifier_mlp,cform_diffmean_diffsum_form_mean_nplayers_stage_sum,none,OFFSIDES,6,0.4767,0.0032999999999999,0.02105,0.4804,0.0039,2
classifier_lstm_mlp_multioutput,cform_diffmean_diffsum_form_mean_nplayers_stage_sum,sqrt,OFFSIDES,7,0.47665,0.00265,0.0154,0.4691,0.0156,2
classifier_xgb,cform_diffmean_diffsum_form_mean_nplayers_stage_sum,none,OFFSIDES,8,0.4731499999999999,0.0104499999999999,0.0192999999999999,0.46675,0.00245,2
classifier_mlp,cform_diffmean_diffsum_form_mean_nplayers_raw_stage_sum,sqrt,OFFSIDES,9,0.47225,0.0052499999999999,0.0126,0.47385,0.0063499999999999,2
classifier_lstm_mlp_multioutput,cform_diffmean_diffsum_form_mean_nplayers_stage_sum,none,OFFSIDES,10,0.4720499999999999,0.00165,0.0154,0.45185,0.00315,2
classifier_mlp,cform_diffmean_diffsum_form_mean_nplayers_raw_stage_sum,none,OFFSIDES,11,0.4695,0.0067,0.01225,0.4612,0.0066999999999999,2
classifier_lstm_mlp,cform_diffmean_diffsum_form_mean_nplayers_raw_stage_sum,none,OFFSIDES,12,0.46855,0.00665,0.0141,0.462,0.0166,2
classifier_lstm_mlp,cform_diffmean_diffsum_form_mean_nplayers_raw_stage_sum,sqrt,OFFSIDES,13,0.4678,0.0078,0.0149,0.4772,0.0055999999999999,2
classifier_mlp_multioutput,cform_diffmean_diffsum_form_mean_nplayers_stage_sum,none,OFFSIDES,14,0.46755,0.00605,0.0212,0.43095,0.0158499999999999,2
classifier_xgb,cform_diffmean_diffsum_form_mean_nplayers_raw_stage_sum,sqrt,OFFSIDES,15,0.4647,0.0085999999999999,0.0270499999999999,0.4566,0.0002999999999999,2
classifier_xgb,cform_diffmean_diffsum_form_mean_nplayers_raw_stage_sum,none,OFFSIDES,16,0.4612,0.0227999999999999,0.02785,0.45975,0.00125,2
classifier_mlp_multioutput,cform_diffmean_diffsum_form_mean_nplayers_raw_stage_sum,none,OFFSIDES,17,0.4561,0.0049,0.01215,0.44815,0.02035,2
classifier_mlp_multioutput,cform_diffmean_diffsum_form_mean_nplayers_raw_stage_sum,sqrt,OFFSIDES,18,0.45475,0.0111499999999999,0.01945,0.4268499999999999,0.04205,2
classifier_lstm_mlp_multioutput,cform_diffmean_diffsum_form_mean_nplayers_raw_stage_sum,sqrt,OFFSIDES,19,0.4546,0.0021999999999999,0.01715,0.436,0.0366,2
classifier_lstm_mlp_multioutput,cform_diffmean_diffsum_form_mean_nplayers_raw_stage_sum,none,OFFSIDES,20,0.4489499999999999,0.0043499999999999,0.0137,0.44575,0.01525,2
classifier_lstm_mlp,cform_diffmean_diffsum_form_mean_nplayers_raw_stage_sum,sqrt,REDCARDS,1,0.36995,0.02095,0.01375,0.34395,0.0019499999999999,2
classifier_lstm_mlp,cform_diffmean_diffsum_form_mean_nplayers_stage_sum,none,REDCARDS,2,0.3553,0.0131,0.01585,0.37,0.0005999999999999,2
classifier_lstm_mlp,cform_diffmean_diffsum_form_mean_nplayers_stage_sum,sqrt,REDCARDS,3,0.35155,0.02385,0.01405,0.349,0.0341999999999999,2
classifier_lstm_mlp_multioutput,cform_diffmean_diffsum_form_mean_nplayers_stage_sum,sqrt,REDCARDS,4,0.344,0.0042999999999999,0.0263,0.32475,0.01825,2
classifier_lstm_mlp_multioutput,cform_diffmean_diffsum_form_mean_nplayers_raw_stage_sum,sqrt,REDCARDS,5,0.3426,0.0082,0.02185,0.34855,0.0085499999999999,2
classifier_mlp,cform_diffmean_diffsum_form_mean_nplayers_raw_stage_sum,sqrt,REDCARDS,6,0.34165,0.00085,0.01185,0.33215,0.00495,2
classifier_lstm_mlp,cform_diffmean_diffsum_form_mean_nplayers_raw_stage_sum,none,REDCARDS,7,0.3408,0.0226,0.0159,0.3450499999999999,0.00575,2
classifier_mlp,cform_diffmean_diffsum_form_mean_nplayers_stage_sum,sqrt,REDCARDS,8,0.3369499999999999,0.01535,0.0109,0.32685,0.00865,2
classifier_mlp_multioutput,cform_diffmean_diffsum_form_mean_nplayers_raw_stage_sum,sqrt,REDCARDS,9,0.3369,0.0058,0.0204,0.3832,0.0097,2
classifier_mlp,cform_diffmean_diffsum_form_mean_nplayers_raw_stage_sum,none,REDCARDS,10,0.3340999999999999,0.0022,0.011,0.34155,0.00215,2
classifier_mlp,cform_diffmean_diffsum_form_mean_nplayers_stage_sum,none,REDCARDS,11,0.3212,0.0083999999999999,0.0127,0.31905,0.01095,2
classifier_xgb,cform_diffmean_diffsum_form_mean_nplayers_raw_stage_sum,sqrt,REDCARDS,12,0.3151,0.0096999999999999,0.00975,0.3429999999999999,0.0349,2
classifier_mlp_multioutput,cform_diffmean_diffsum_form_mean_nplayers_stage_sum,sqrt,REDCARDS,13,0.315,0.0041999999999999,0.01655,0.3027,0.0,2
classifier_lstm_mlp_multioutput,cform_diffmean_diffsum_form_mean_nplayers_raw_stage_sum,none,REDCARDS,14,0.31215,0.00275,0.009,0.3075,0.0,2
classifier_mlp_multioutput,cform_diffmean_diffsum_form_mean_nplayers_raw_stage_sum,none,REDCARDS,15,0.3089,0.0005,0.00885,0.3077999999999999,0.0002999999999999,2
classifier_mlp_multioutput,cform_diffmean_diffsum_form_mean_nplayers_stage_sum,none,REDCARDS,16,0.3054,0.0,0.0021,0.3081,0.0,2
classifier_xgb,cform_diffmean_diffsum_form_mean_nplayers_stage_sum,none,REDCARDS,16,0.3054,0.0,0.0021,0.3081,0.0,2
classifier_xgb,cform_diffmean_diffsum_form_mean_nplayers_raw_stage_sum,none,REDCARDS,16,0.3054,0.0,0.0021,0.3081,0.0,2
classifier_xgb,cform_diffmean_diffsum_form_mean_nplayers_stage_sum,sqrt,REDCARDS,16,0.3054,0.0,0.0021,0.3081,0.0,2
classifier_lstm_mlp_multioutput,cform_diffmean_diffsum_form_mean_nplayers_stage_sum,none,REDCARDS,20,0.30525,4.999999999999449e-05,0.00215,0.307,0.0010999999999999,2
